{
  "restitution_eff": 0.4991999999906526,
  "freespace": {
    "E_abs_max": 0.014306867564931047,
    "dpos_max": 0.02295445734690249,
    "E_peak": 1.103389207352284,
    "clean": true
  },
  "headon_series": {
    "t": [
      0.0,
      0.1,
      0.2,
      0.30000000000000004,
      0.4,
      0.5,
      0.6000000000000001,
      0.7000000000000001,
      0.8,
      0.9,
      1.0,
      1.1,
      1.2000000000000002,
      1.3,
      1.4000000000000001,
      1.5,
      1.6,
      1.7000000000000002,
      1.8,
      1.9000000000000001,
      2.0,
      2.1,
      2.2,
      2.3000000000000003,
      2.4000000000000004,
      2.5,
      2.6,
      2.7,
      2.8000000000000003,
      2.9000000000000004,
      3.0,
      3.1,
      3.2,
      3.3000000000000003,
      3.4000000000000004,
      3.5,
      3.6,
      3.7,
      3.8000000000000003,
      3.9000000000000004,
      4.0,
      4.1000000000000005,
      4.2,
      4.3,
      4.4,
      4.5
    ],
    "E_2d": [
      0.0,
      0.05098109141168266,
      0.1532707338858207,
      0.2632838540725271,
      0.36284339800753734,
      0.44604753871977443,
      0.5125713288059468,
      0.564334210276377,
      0.603907158864142,
      0.6338030507041713,
      0.6562032831437082,
      0.6728904067239828,
      0.685270462639278,
      0.694428037606196,
      0.7011874924239834,
      0.7061691137509409,
      0.7098363651667073,
      0.7125338187165358,
      0.714516745569856,
      0.1789934441677983,
      0.07190099807672286,
      0.04464380321788128,
      0.03626303217117307,
      0.03340600708990708,
      0.032387013025513965,
      0.032017049526054664,
      0.03188182369231936,
      0.031832274073344595,
      0.031814101405470245,
      0.0318074342098013,
      0.03180498784417406,
      0.03180409016898275,
      0.03180376076844315,
      0.03180363989468047,
      0.03180359553986778,
      0.0318035792637878,
      0.031803573291248576,
      0.03180357109961343,
      0.031803570295388515,
      0.03180357000027658,
      0.03180356989198466,
      0.031803569852246714,
      0.031803569837664795,
      0.03180356983231394,
      0.031803569830350424,
      0.03180356982962991
    ],
    "E_pb": [
      0.0,
      0.048889835108477823,
      0.14792000213480402,
      0.25552385166943675,
      0.3538845885774064,
      0.4368911301849667,
      0.5038864480527571,
      0.5564960264887687,
      0.5970761136878623,
      0.6280000849944685,
      0.6513679180778363,
      0.668921033727521,
      0.6820502180436013,
      0.6918402389443253,
      0.6991240273862281,
      0.7045343259139635,
      0.7085482130671341,
      0.7115234888889092,
      0.7137274725945266,
      2.1376118780129687e-14,
      1.2331166204475454e-14,
      8.157995268677435e-15,
      6.061005688867169e-15,
      4.915442801861165e-15,
      4.235499253692139e-15,
      3.796300049213651e-15,
      3.4873366894626518e-15,
      3.251779427130846e-15,
      3.0593802478336e-15,
      2.8936702178417767e-15,
      2.7455056061258567e-15,
      2.6097183260269222e-15,
      2.4833170642947406e-15,
      2.364521611120491e-15,
      2.2522458280469277e-15,
      2.1457649991250084e-15,
      2.0445756583621904e-15,
      1.9483007063384745e-15,
      1.8566400930733738e-15,
      1.7693386785263924e-15,
      1.6861645546312524e-15,
      1.606915843195624e-15,
      1.531398544528986e-15,
      1.4594334148636774e-15,
      1.3908511646324542e-15,
      1.3254972517429655e-15
    ],
    "contact": [
      0,
      0,
      0,
      0,
      0,
      0,
      0,
      0,
      0,
      0,
      0,
      0,
      0,
      0,
      0,
      0,
      0,
      0,
      0,
      1,
      1,
      1,
      1,
      1,
      1,
      1,
      1,
      1,
      1,
      1,
      1,
      1,
      1,
      1,
      1,
      1,
      1,
      1,
      1,
      1,
      1,
      1,
      1,
      1,
      1,
      1
    ],
    "first_contact": 19
  },
  "d2": {
    "head_on": {
      "first_contact": 19,
      "ke_at_contact": 0.714516745569856,
      "fp_floor_J": 0.009156408534807703,
      "contact_div_J": 0.17899344416777693,
      "twin_ec_passed": true,
      "twin_ec_reds": [],
      "dpos_max_m": 0.018710154267815193,
      "dpos_post_m": 1.0000183198650934e-05,
      "E2_end": 0.03180356982962991,
      "EP_end": 1.3254972517429655e-15,
      "detected": true
    },
    "glancing_45": {
      "first_contact": 25,
      "ke_at_contact": 0.7191418472271451,
      "fp_floor_J": 0.009156408534808258,
      "contact_div_J": 0.10457234193821537,
      "twin_ec_passed": true,
      "twin_ec_reds": [],
      "dpos_max_m": 0.31312465536923656,
      "dpos_post_m": 0.31312465536923656,
      "E2_end": 0.03180357000097713,
      "EP_end": 0.08123353268618286,
      "detected": true
    }
  },
  "d3_envelope": [
    {
      "angle_deg": 0,
      "ke_at_contact": 0.714516745569856,
      "fp_floor_J": 0.009156408534807703,
      "contact_div_J": 0.17899344416777693,
      "twin_ec_passed": true,
      "detected": true
    },
    {
      "angle_deg": 15,
      "ke_at_contact": 0.714516745569856,
      "fp_floor_J": 0.00915640853480787,
      "contact_div_J": 0.17545627788224846,
      "twin_ec_passed": true,
      "detected": true
    },
    {
      "angle_deg": 30,
      "ke_at_contact": 0.7170440419074555,
      "fp_floor_J": 0.009156408534808091,
      "contact_div_J": 0.14956144453783554,
      "twin_ec_passed": true,
      "detected": true
    },
    {
      "angle_deg": 45,
      "ke_at_contact": 0.7191418472271451,
      "fp_floor_J": 0.009156408534808258,
      "contact_div_J": 0.10457236712280689,
      "twin_ec_passed": true,
      "detected": true
    },
    {
      "angle_deg": 60,
      "ke_at_contact": 0.7199470001599215,
      "fp_floor_J": 0.00915640853480798,
      "contact_div_J": 0.2954352666727472,
      "twin_ec_passed": true,
      "detected": true
    },
    {
      "angle_deg": 75,
      "ke_at_contact": 0.7199997458280669,
      "fp_floor_J": 0.00915640853480787,
      "contact_div_J": 0.0,
      "twin_ec_passed": true,
      "detected": false
    }
  ]
}